<countries>
	<country COC="AF">Afghanistan</country>
	<country COC="AL">Albania</country>
	<country COC="DZ">Algeria</country>
	<country COC="AD">Andorra</country>
	<country COC="AO">Angola</country>
	<country COC="AI">Anguilla</country>
	<country COC="AG">Antigua And Barbuda</country>
	<country COC="AR">Argentina</country>
	<country COC="AM">Armenia</country>
	<country COC="AW">Aruba</country>
	<country COC="SH">Ascension Island/St. Helena</country>
	<country COC="AU">Australia</country>
	<country COC="AT">Austria</country>
	<country COC="AZ">Azerbaijan</country>
	<country COC="BS">Bahamas</country>
	<country COC="BH">Bahrain</country>
	<country COC="BD">Bangladesh</country>
	<country COC="BB">Barbados</country>
	<country COC="BY">Belarus</country>
	<country COC="BE">Belgium</country>
	<country COC="BZ">Belize</country>
	<country COC="BJ">Benin</country>
	<country COC="BM">Bermuda</country>
	<country COC="BT">Bhutan</country>
	<country COC="BO">Bolivia</country>
	<country COC="BA">Bosnia Herzegovina</country>
	<country COC="BW">Botswana</country>
	<country COC="BV">Bouvet Island</country>
	<country COC="BR">Brazil</country>
	<country COC="VG">British Virgin Islands</country>
	<country COC="BN">Brunei</country>
	<country COC="BG">Bulgaria</country>
	<country COC="BF">Burkina Faso</country>
	<country COC="BI">Burundi</country>
	<country COC="KH">Cambodia</country>
	<country COC="CM">Cameroon, United Republic Of</country>
	<country COC="CA">Canada</country>
	<country COC="CV">Cape Verde, Republic Of</country>
	<country COC="KY">Cayman Islands</country>
	<country COC="CF">Central African Republic</country>
	<country COC="TD">Chad</country>
	<country COC="CL">Chile</country>
	<country COC="CN">China</country>
	<country COC="CX">Christmas Island</country>
	<country COC="CC">Cocos Islands</country>
	<country COC="CO">Colombia</country>
	<country COC="KM">Comoros</country>
	<country COC="CG">Congo</country>
	<country COC="CD">Congo Democratic Republic Of</country>
	<country COC="CK">Cook Islands</country>
	<country COC="CR">Costa Rica</country>
	<country COC="HR">Croatia</country>
	<country COC="CU">Cuba</country>
	<country COC="CY">Cyprus</country>
	<country COC="ME">Czarnog�ra</country>
	<country COC="CZ">Czech Republic</country>
	<country COC="DK">Denmark</country>
	<country COC="DJ">Djibouti</country>
	<country COC="DM">Dominica</country>
	<country COC="DO">Dominican Republic</country>
	<country COC="TP">East Timor</country>
	<country COC="EC">Ecuador</country>
	<country COC="EG">Egypt</country>
	<country COC="SV">El Salvador</country>
	<country COC="GQ">Equatorial Guinea</country>
	<country COC="ER">Eritrea</country>
	<country COC="EE">Estonia</country>
	<country COC="ET">Ethiopia</country>
	<country COC="FO">Faeroe Islands</country>
	<country COC="FK">Falkland Islands</country>
	<country COC="FJ">Fiji Islands</country>
	<country COC="FI">Finland</country>
	<country COC="FR">France</country>
	<country COC="GF">French Guiana</country>
	<country COC="PF">French Polynesia</country>
	<country COC="GA">Gabon</country>
	<country COC="GM">Gambia</country>
	<country COC="GE">Georgia</country>
	<country COC="DE">Germany</country>
	<country COC="GH">Ghana</country>
	<country COC="GI">Gibraltar</country>
	<country COC="GR">Greece</country>
	<country COC="GL">Greenland</country>
	<country COC="GD">Grenada</country>
	<country COC="GP">Guadeloupe</country>
	<country COC="GU">Guam</country>
	<country COC="GT">Guatemala</country>
	<country COC="GN">Guinea</country>
	<country COC="GW">Guinea Bissau</country>
	<country COC="GY">Guyana</country>
	<country COC="HT">Haiti</country>
	<country COC="HN">Honduras</country>
	<country COC="HK">Hong Kong</country>
	<country COC="HU">Hungary</country>
	<country COC="IS">Iceland</country>
	<country COC="IN">India</country>
	<country COC="ID">Indonesia</country>
	<country COC="IR">Iran</country>
	<country COC="IQ">Iraq</country>
	<country COC="IE">Ireland, Republic Of</country>
	<country COC="IL">Israel</country>
	<country COC="IT">Italy</country>
	<country COC="CI">Ivory Coast</country>
	<country COC="JM">Jamaica</country>
	<country COC="JP">Japan</country>
	<country COC="JO">Jordan</country>
	<country COC="KZ">Kazakstan</country>
	<country COC="KE">Kenya</country>
	<country COC="KI">Kiribati</country>
	<country COC="KP">Korea, Democratic Peoples Republic</country>
	<country COC="KR">Korea, Republic Of</country>
	<country COC="KW">Kuwait</country>
	<country COC="KG">Kyrgyzstan</country>
	<country COC="LA">Lao, People's Dem. Rep.</country>
	<country COC="LV">Latvia</country>
	<country COC="LB">Lebanon</country>
	<country COC="LS">Lesotho</country>
	<country COC="LR">Liberia</country>
	<country COC="LY">Libyan Arab Jamahiriya</country>
	<country COC="LI">Liechtenstein</country>
	<country COC="LT">Lithuania</country>
	<country COC="LU">Luxembourg</country>
	<country COC="MO">Macau</country>
	<country COC="MK">Macedonia F Y R O M</country>
	<country COC="MG">Madagascar (Malagasy)</country>
	<country COC="MW">Malawi</country>
	<country COC="MY">Malaysia</country>
	<country COC="MV">Maldives</country>
	<country COC="ML">Mali</country>
	<country COC="MT">Malta</country>
	<country COC="MP">Marianna Islands</country>
	<country COC="MH">Marshall Islands</country>
	<country COC="MQ">Martinique</country>
	<country COC="MR">Mauritania</country>
	<country COC="MU">Mauritius</country>
	<country COC="YT">Mayotte</country>
	<country COC="MX">Mexico</country>
	<country COC="FM">Micronesia</country>
	<country COC="MD">Moldova</country>
	<country COC="MC">Monaco</country>
	<country COC="MN">Mongolia</country>
	<country COC="MS">Montserrat</country>
	<country COC="MA">Morocco</country>
	<country COC="MZ">Mozambique</country>
	<country COC="MM">Myanmar</country>
	<country COC="NA">Namibia</country>
	<country COC="NR">Nauru</country>
	<country COC="NP">Nepal</country>
	<country COC="AN">Netherland Antilles</country>
	<country COC="NL">Netherlands</country>
	<country COC="NC">New Caledonia</country>
	<country COC="NZ">New Zealand</country>
	<country COC="NI">Nicaragua</country>
	<country COC="NE">Niger</country>
	<country COC="NG">Nigeria</country>
	<country COC="NU">Niue</country>
	<country COC="NF">Norfolk Island</country>
	<country COC="NO">Norway</country>
	<country COC="PS">Occupied Palestinian Territory</country>
	<country COC="OM">Oman, Sultanate Of</country>
	<country COC="PK">Pakistan</country>
	<country COC="PW">Palau</country>
	<country COC="PA">Panama</country>
	<country COC="PG">Papua New Guinea (Niugini)</country>
	<country COC="PY">Paraguay</country>
	<country COC="PE">Peru</country>
	<country COC="PH">Philippines</country>
	<country COC="PL">Poland</country>
	<country COC="PT">Portugal</country>
	<country COC="PR">Puerto Rico</country>
	<country COC="QA">Qatar</country>
	<country COC="RE">Reunion</country>
	<country COC="RO">Romania</country>
	<country COC="RU">Russian Federation</country>
	<country COC="RW">Rwanda</country>
	<country COC="LC">Saint Lucia</country>
	<country COC="VC">Saint Vincent And The Grenadines</country>
	<country COC="AS">Samoa, American</country>
	<country COC="WS">Samoa, Independent State Of</country>
	<country COC="SM">San Marino</country>
	<country COC="ST">Sao Tome &amp; Principe</country>
	<country COC="SA">Saudi Arabia</country>
	<country COC="SN">Senegal</country>
	<country COC="RS">Serbia</country>
	<country COC="CS">Serbia i Czarnog�ra</country>
	<country COC="SC">Seychelles Islands</country>
	<country COC="SL">Sierra Leone</country>
	<country COC="SG">Singapore</country>
	<country COC="SK">Slovakia</country>
	<country COC="SI">Slovenia</country>
	<country COC="SB">Solomon Islands</country>
	<country COC="SO">Somalia</country>
	<country COC="ZA">South Africa</country>
	<country COC="ES">Spain</country>
	<country COC="LK">Sri Lanka</country>
	<country COC="KN">St. Kitts - Nevis</country>
	<country COC="PM">St. Pierre &amp; Miquelon</country>
	<country COC="SD">Sudan</country>
	<country COC="SR">Suriname</country>
	<country COC="SJ">Svalbard And Jan Mayen Islands</country>
	<country COC="SZ">Swaziland</country>
	<country COC="SE">Sweden</country>
	<country COC="CH">Switzerland</country>
	<country COC="SY">Syrian Arab Rep.</country>
	<country COC="TW">Taiwan, Republic of China</country>
	<country COC="TJ">Tajikistan</country>
	<country COC="TZ">Tanzania</country>
	<country COC="TH">Thailand</country>
	<country COC="TG">Togo</country>
	<country COC="TK">Tokelau</country>
	<country COC="TO">Tonga</country>
	<country COC="TT">Trinidad &amp; Tobago</country>
	<country COC="TN">Tunisia</country>
	<country COC="TR">Turkey</country>
	<country COC="TM">Turkmenistan</country>
	<country COC="TC">Turks And Caicos Islands</country>
	<country COC="TV">Tuvalu</country>
	<country COC="UG">Uganda</country>
	<country COC="UA">Ukraine</country>
	<country COC="AE">United Arab Emirates</country>
	<country COC="GB">United Kingdom</country>
	<country COC="US">United States</country>
	<country COC="UM">United States Minor Outlying Islands</country>
	<country COC="UY">Uruguay</country>
	<country COC="VI">US Virgin Island</country>
	<country COC="UZ">Uzbekistan Sum</country>
	<country COC="VU">Vanuatu</country>
	<country COC="VA">Vatican City State</country>
	<country COC="VE">Venezuela</country>
	<country COC="VN">Vietnam</country>
	<country COC="WF">Wallis &amp; Futuna Islands</country>
	<country COC="EH">Western Sahara</country>
	<country COC="YE">Yemen, Republic Of</country>
	<country COC="YU">Yugoslavia</country>
	<country COC="ZR">Zaire</country>
	<country COC="ZM">Zambia</country>
	<country COC="ZW">Zimbabwe</country>
</countries>
